{
    "L1_prefiring_sf": {
        "central": {
            "branch": "weight_L1_prefiring_sf_central",
            "signal_1000_400": {
                "m1sigma": 0.939081072807312,
                "m2sigma": 0.5932410761713982,
                "mean": 0.9566297860916362,
                "median": 1.0,
                "p1sigma": 1.0,
                "p2sigma": 1.0
            }
        },
        "down": {
            "branch": "weight_L1_prefiring_sf_down",
            "signal_1000_400": {
                "m1sigma": 0.9528552293777466,
                "m2sigma": 0.6750963374972344,
                "mean": 0.9663520168855535,
                "median": 1.0,
                "p1sigma": 1.0,
                "p2sigma": 1.0
            }
        },
        "up": {
            "branch": "weight_L1_prefiring_sf_up",
            "signal_1000_400": {
                "m1sigma": 0.9230758547782898,
                "m2sigma": 0.5147925972938537,
                "mean": 0.9468636596474771,
                "median": 1.0,
                "p1sigma": 1.0,
                "p2sigma": 1.0
            }
        }
    },
    "btag_deepjet_sf_SelectedJet": {
        "central": {
            "branch": "weight_btag_deepjet_sf_SelectedJet_central",
            "signal_1000_400": {
                "m1sigma": 0.7884557211891654,
                "m2sigma": 0.690841939585001,
                "mean": 1.0318041074321298,
                "median": 0.9329420966984356,
                "p1sigma": 1.3085125862146816,
                "p2sigma": 1.844899913722036
            }
        },
        "down_cferr1": {
            "branch": "weight_btag_deepjet_sf_SelectedJet_down_cferr1",
            "signal_1000_400": {
                "m1sigma": 0.7616450179438509,
                "m2sigma": 0.5476156209541706,
                "mean": 1.0050128881297924,
                "median": 0.9159283604422934,
                "p1sigma": 1.2881360854588275,
                "p2sigma": 1.8209651392414545
            }
        },
        "down_cferr2": {
            "branch": "weight_btag_deepjet_sf_SelectedJet_down_cferr2",
            "signal_1000_400": {
                "m1sigma": 0.7726500284417517,
                "m2sigma": 0.6512493422912586,
                "mean": 1.0181953370422805,
                "median": 0.922822772105538,
                "p1sigma": 1.2951691288698846,
                "p2sigma": 1.8289617673874743
            }
        },
        "down_hf": {
            "branch": "weight_btag_deepjet_sf_SelectedJet_down_hf",
            "signal_1000_400": {
                "m1sigma": 0.777964100192625,
                "m2sigma": 0.6753773214385151,
                "mean": 1.0423665855037196,
                "median": 0.9289293258622906,
                "p1sigma": 1.3330257135594084,
                "p2sigma": 1.95304446254122
            }
        },
        "down_hfstats1": {
            "branch": "weight_btag_deepjet_sf_SelectedJet_down_hfstats1",
            "signal_1000_400": {
                "m1sigma": 0.7991484624070571,
                "m2sigma": 0.6997918721873975,
                "mean": 1.0259470981527072,
                "median": 0.9384405020258857,
                "p1sigma": 1.2830278930299357,
                "p2sigma": 1.7743288290303667
            }
        },
        "down_hfstats2": {
            "branch": "weight_btag_deepjet_sf_SelectedJet_down_hfstats2",
            "signal_1000_400": {
                "m1sigma": 0.7916625325026182,
                "m2sigma": 0.6902119788538733,
                "mean": 1.0387122678644414,
                "median": 0.9449439370342556,
                "p1sigma": 1.317154883170969,
                "p2sigma": 1.8483426422302531
            }
        },
        "down_jes": {
            "branch": "weight_btag_deepjet_sf_SelectedJet_down_jes",
            "signal_1000_400": {
                "m1sigma": 0.788375393330695,
                "m2sigma": 0.680098928001582,
                "mean": 1.034643921533232,
                "median": 0.9425918227553087,
                "p1sigma": 1.3042142109109773,
                "p2sigma": 1.8307021666427714
            }
        },
        "down_lf": {
            "branch": "weight_btag_deepjet_sf_SelectedJet_down_lf",
            "signal_1000_400": {
                "m1sigma": 0.7408788125097265,
                "m2sigma": 0.6426747669299103,
                "mean": 1.0345185667051893,
                "median": 0.8850155311495421,
                "p1sigma": 1.3796268119967212,
                "p2sigma": 2.1144602526861727
            }
        },
        "down_lfstats1": {
            "branch": "weight_btag_deepjet_sf_SelectedJet_down_lfstats1",
            "signal_1000_400": {
                "m1sigma": 0.8010560482283917,
                "m2sigma": 0.7149349102856938,
                "mean": 1.0460062222610913,
                "median": 0.9452975441227527,
                "p1sigma": 1.3257389420243468,
                "p2sigma": 1.860768691155762
            }
        },
        "down_lfstats2": {
            "branch": "weight_btag_deepjet_sf_SelectedJet_down_lfstats2",
            "signal_1000_400": {
                "m1sigma": 0.8010265932842677,
                "m2sigma": 0.7084495634400039,
                "mean": 1.0441817013672297,
                "median": 0.9427587449687942,
                "p1sigma": 1.325349171236062,
                "p2sigma": 1.8668836590482139
            }
        },
        "up_cferr1": {
            "branch": "weight_btag_deepjet_sf_SelectedJet_up_cferr1",
            "signal_1000_400": {
                "m1sigma": 0.7947511730557852,
                "m2sigma": 0.6933044949216594,
                "mean": 1.0587863999359681,
                "median": 0.9534893083762241,
                "p1sigma": 1.3516077335767367,
                "p2sigma": 1.9451432855403734
            }
        },
        "up_cferr2": {
            "branch": "weight_btag_deepjet_sf_SelectedJet_up_cferr2",
            "signal_1000_400": {
                "m1sigma": 0.7932507256403115,
                "m2sigma": 0.6927395693891409,
                "mean": 1.0452171992268386,
                "median": 0.9456724777355466,
                "p1sigma": 1.3285975430282029,
                "p2sigma": 1.8841846916001799
            }
        },
        "up_hf": {
            "branch": "weight_btag_deepjet_sf_SelectedJet_up_hf",
            "signal_1000_400": {
                "m1sigma": 0.7905453062054102,
                "m2sigma": 0.6934631366246631,
                "mean": 1.0165524911573798,
                "median": 0.924057069239841,
                "p1sigma": 1.279184657367822,
                "p2sigma": 1.7744169378963255
            }
        },
        "up_hfstats1": {
            "branch": "weight_btag_deepjet_sf_SelectedJet_up_hfstats1",
            "signal_1000_400": {
                "m1sigma": 0.7774370847971593,
                "m2sigma": 0.6804423328181578,
                "mean": 1.0366254101300418,
                "median": 0.9265518122325102,
                "p1sigma": 1.3338178548010113,
                "p2sigma": 1.916165682060282
            }
        },
        "up_hfstats2": {
            "branch": "weight_btag_deepjet_sf_SelectedJet_up_hfstats2",
            "signal_1000_400": {
                "m1sigma": 0.7838612455186293,
                "m2sigma": 0.6902784144709858,
                "mean": 1.0245071168668303,
                "median": 0.9207633081102489,
                "p1sigma": 1.3000328438014566,
                "p2sigma": 1.8390386877086773
            }
        },
        "up_jes": {
            "branch": "weight_btag_deepjet_sf_SelectedJet_up_jes",
            "signal_1000_400": {
                "m1sigma": 0.7898855389304718,
                "m2sigma": 0.6977858335911894,
                "mean": 1.030390864535543,
                "median": 0.9236027272298541,
                "p1sigma": 1.3109182189232131,